"Yaş grubu, cinsiyet ve yasal medeni duruma göre ölümler, 2009-2023",Unnamed: 1,Unnamed: 2,Unnamed: 3,Unnamed: 4,Unnamed: 5,Unnamed: 6,Unnamed: 7,Unnamed: 8
"Deaths by age group, sex and legal marital status, 2009-2023",15-19,Erkek-Male,-,-,-,-,-,-
[15 ve daha yukarı yaş-15 years of age and over],15-19,Erkek-Male,-,-,-,-,-,-
               Sağlık Bakanlığı,15-19,Erkek-Male,-,Yasal medeni durum-Legal marital status,-,-,-,-
Yıl,Yaş grubu,Cinsiyet,Toplam,Hiç evlenmedi,Evli,Eşi öldü,Boşandı,Bilinmeyen
Year,Age group,Sex,Total,Never married,Married,Widowed,Divorced,Unknown
2023,15-19,Erkek-Male,-,-,-,-,-,-
               Sağlık Bakanlığı,Toplam,Toplam-Total,502076,38028,255086,180268,28694,-
               Sağlık Bakanlığı,Total,Erkek-Male,270900,22953,183581,46999,17367,-
               Sağlık Bakanlığı,15-19,Kadın-Female,231176,15075,71505,133269,11327,-
               Sağlık Bakanlığı,15-19,Toplam-Total,6334,6261,61,10,2,-
               Sağlık Bakanlığı,15-19,Erkek-Male,3748,3740,8,-,-,-
               Sağlık Bakanlığı,15-19,Kadın-Female,2586,2521,53,10,2,-
               Sağlık Bakanlığı,20-24,Toplam-Total,6704,5864,650,144,46,-
               Sağlık Bakanlığı,15-19,Erkek-Male,4146,3892,218,23,13,-
               Sağlık Bakanlığı,15-19,Kadın-Female,2558,1972,432,121,33,-
               Sağlık Bakanlığı,25-29,Toplam-Total,6614,3899,1973,471,271,-
               Sağlık Bakanlığı,15-19,Erkek-Male,4006,2832,941,141,92,-
               Sağlık Bakanlığı,15-19,Kadın-Female,2608,1067,1032,330,179,-
               Sağlık Bakanlığı,30-34,Toplam-Total,6505,2289,3101,656,459,-
               Sağlık Bakanlığı,15-19,Erkek-Male,3953,1703,1716,272,262,-
               Sağlık Bakanlığı,15-19,Kadın-Female,2552,586,1385,384,197,-
               Sağlık Bakanlığı,35-39,Toplam-Total,8041,1848,4562,840,791,-
               Sağlık Bakanlığı,15-19,Erkek-Male,4755,1354,2616,345,440,-
               Sağlık Bakanlığı,15-19,Kadın-Female,3286,494,1946,495,351,-
               Sağlık Bakanlığı,40-44,Toplam-Total,10853,1835,6710,1003,1305,-
               Sağlık Bakanlığı,15-19,Erkek-Male,6437,1242,3990,420,785,-
               Sağlık Bakanlığı,15-19,Kadın-Female,4416,593,2720,583,520,-
               Sağlık Bakanlığı,45-49,Toplam-Total,14043,1803,9268,1079,1893,-
               Sağlık Bakanlığı,15-19,Erkek-Male,8570,1180,5775,388,1227,-
               Sağlık Bakanlığı,15-19,Kadın-Female,5473,623,3493,691,666,-
               Sağlık Bakanlığı,50-54,Toplam-Total,19610,1912,13793,1469,2436,-
               Sağlık Bakanlığı,15-19,Erkek-Male,12568,1191,9171,511,1695,-
               Sağlık Bakanlığı,15-19,Kadın-Female,7042,721,4622,958,741,-
               Sağlık Bakanlığı,55-59,Toplam-Total,28637,2035,20837,2496,3269,-
               Sağlık Bakanlığı,15-19,Erkek-Male,18818,1246,14492,809,2271,-
               Sağlık Bakanlığı,15-19,Kadın-Female,9819,789,6345,1687,998,-
               Sağlık Bakanlığı,60-64,Toplam-Total,39115,2186,28772,4511,3646,-
               Sağlık Bakanlığı,15-19,Erkek-Male,25786,1360,20652,1256,2518,-
               Sağlık Bakanlığı,15-19,Kadın-Female,13329,826,8120,3255,1128,-
               Sağlık Bakanlığı,65-69,Toplam-Total,51654,1859,37146,8766,3883,-
               Sağlık Bakanlığı,15-19,Erkek-Male,33538,1118,27217,2535,2668,-
               Sağlık Bakanlığı,15-19,Kadın-Female,18116,741,9929,6231,1215,-
               Sağlık Bakanlığı,70-74,Toplam-Total,59367,1595,38975,15523,3274,-
               Sağlık Bakanlığı,15-19,Erkek-Male,35570,795,28752,4029,1994,-
               Sağlık Bakanlığı,15-19,Kadın-Female,23797,800,10223,11494,1280,-
               Sağlık Bakanlığı,75+,Toplam-Total,244599,4642,89238,143300,7419,-
               Sağlık Bakanlığı,15-19,Erkek-Male,109005,1300,68033,36270,3402,-
               Sağlık Bakanlığı,15-19,Kadın-Female,135594,3342,21205,107030,4017,-
               Sağlık Bakanlığı,Bilinmeyen,Toplam-Total,-,-,-,-,-,-
               Sağlık Bakanlığı,Unknown ,Erkek-Male,-,-,-,-,-,-
               Sağlık Bakanlığı,15-19,Kadın-Female,-,-,-,-,-,-
2022(r),15-19,Erkek-Male,-,-,-,-,-,-
               Sağlık Bakanlığı,Toplam,Toplam-Total,491006,28110,251015,185518,26352,11
               Sağlık Bakanlığı,Total,Erkek-Male,267780,17264,185425,48999,16085,7
               Sağlık Bakanlığı,15-19,Kadın-Female,223226,10846,65590,136519,10267,4
               Sağlık Bakanlığı,15-19,Toplam-Total,2650,2612,37,-,1,-
               Sağlık Bakanlığı,15-19,Erkek-Male,1783,1775,8,-,-,-
               Sağlık Bakanlığı,15-19,Kadın-Female,867,837,29,-,1,-
               Sağlık Bakanlığı,20-24,Toplam-Total,3442,3044,355,4,39,-
               Sağlık Bakanlığı,15-19,Erkek-Male,2488,2335,139,1,13,-
               Sağlık Bakanlığı,15-19,Kadın-Female,954,709,216,3,26,-
               Sağlık Bakanlığı,25-29,Toplam-Total,3589,2361,1063,14,151,-
               Sağlık Bakanlığı,15-19,Erkek-Male,2605,1876,648,7,74,-
               Sağlık Bakanlığı,15-19,Kadın-Female,984,485,415,7,77,-
               Sağlık Bakanlığı,30-34,Toplam-Total,3804,1599,1900,33,272,-
               Sağlık Bakanlığı,15-19,Erkek-Male,2645,1256,1204,19,166,-
               Sağlık Bakanlığı,15-19,Kadın-Female,1159,343,696,14,106,-
               Sağlık Bakanlığı,35-39,Toplam-Total,5049,1451,2996,34,568,-
               Sağlık Bakanlığı,15-19,Erkek-Male,3328,1086,1876,12,354,-
               Sağlık Bakanlığı,15-19,Kadın-Female,1721,365,1120,22,214,-
               Sağlık Bakanlığı,40-44,Toplam-Total,7834,1527,5203,91,1013,-
               Sağlık Bakanlığı,15-19,Erkek-Male,5085,1062,3347,22,654,-
               Sağlık Bakanlığı,15-19,Kadın-Female,2749,465,1856,69,359,-
               Sağlık Bakanlığı,45-49,Toplam-Total,10787,1544,7560,230,1451,2
               Sağlık Bakanlığı,15-19,Erkek-Male,6987,1001,4949,51,985,1
               Sağlık Bakanlığı,15-19,Kadın-Female,3800,543,2611,179,466,1
               Sağlık Bakanlığı,50-54,Toplam-Total,16149,1719,11666,603,2161,-
               Sağlık Bakanlığı,15-19,Erkek-Male,10911,1154,8083,155,1519,-
               Sağlık Bakanlığı,15-19,Kadın-Female,5238,565,3583,448,642,-
               Sağlık Bakanlığı,55-59,Toplam-Total,26637,1919,20103,1707,2906,2
               Sağlık Bakanlığı,15-19,Erkek-Male,18045,1212,14373,412,2046,2
               Sağlık Bakanlığı,15-19,Kadın-Female,8592,707,5730,1295,860,-
               Sağlık Bakanlığı,60-64,Toplam-Total,36229,1951,27294,3646,3337,1
               Sağlık Bakanlığı,15-19,Erkek-Male,24494,1243,19954,970,2326,1
               Sağlık Bakanlığı,15-19,Kadın-Female,11735,708,7340,2676,1011,-
               Sağlık Bakanlığı,65-69,Toplam-Total,50857,1769,37289,8229,3567,3
               Sağlık Bakanlığı,15-19,Erkek-Male,32988,1006,27449,2141,2389,3
               Sağlık Bakanlığı,15-19,Kadın-Female,17869,763,9840,6088,1178,-
               Sağlık Bakanlığı,70-74,Toplam-Total,59652,1601,39473,15425,3153,-
               Sağlık Bakanlığı,15-19,Erkek-Male,35983,828,29167,3954,2034,-
               Sağlık Bakanlığı,15-19,Kadın-Female,23669,773,10306,11471,1119,-
               Sağlık Bakanlığı,75+,Toplam-Total,264327,5013,96076,155502,7733,3
               Sağlık Bakanlığı,15-19,Erkek-Male,120438,1430,74228,41255,3525,-
               Sağlık Bakanlığı,15-19,Kadın-Female,143889,3583,21848,114247,4208,3
               Sağlık Bakanlığı,Bilinmeyen,Toplam-Total,-,-,-,-,-,-
               Sağlık Bakanlığı,Unknown ,Erkek-Male,-,-,-,-,-,-
               Sağlık Bakanlığı,15-19,Kadın-Female,-,-,-,-,-,-
2021(r),15-19,Erkek-Male,-,-,-,-,-,-
               Sağlık Bakanlığı,Toplam,Toplam-Total,551737,28983,293800,201806,27134,14
               Sağlık Bakanlığı,Total,Erkek-Male,301214,17573,214423,52867,16344,7
               Sağlık Bakanlığı,15-19,Kadın-Female,250523,11410,79377,148939,10790,7
               Sağlık Bakanlığı,15-19,Toplam-Total,2492,2460,26,2,1,3
               Sağlık Bakanlığı,15-19,Erkek-Male,1695,1688,5,-,-,2
               Sağlık Bakanlığı,15-19,Kadın-Female,797,772,21,2,1,1
               Sağlık Bakanlığı,20-24,Toplam-Total,3385,2980,360,8,37,-
               Sağlık Bakanlığı,15-19,Erkek-Male,2467,2323,141,-,3,-
               Sağlık Bakanlığı,15-19,Kadın-Female,918,657,219,8,34,-
               Sağlık Bakanlığı,25-29,Toplam-Total,3772,2372,1252,17,131,-
               Sağlık Bakanlığı,15-19,Erkek-Male,2657,1879,705,6,67,-
               Sağlık Bakanlığı,15-19,Kadın-Female,1115,493,547,11,64,-
               Sağlık Bakanlığı,30-34,Toplam-Total,4343,1742,2274,23,304,-
               Sağlık Bakanlığı,15-19,Erkek-Male,2923,1332,1405,5,181,-
               Sağlık Bakanlığı,15-19,Kadın-Female,1420,410,869,18,123,-
               Sağlık Bakanlığı,35-39,Toplam-Total,6047,1588,3859,50,550,-
               Sağlık Bakanlığı,15-19,Erkek-Male,3879,1140,2371,13,355,-
               Sağlık Bakanlığı,15-19,Kadın-Female,2168,448,1488,37,195,-
               Sağlık Bakanlığı,40-44,Toplam-Total,9266,1731,6360,116,1059,-
               Sağlık Bakanlığı,15-19,Erkek-Male,5890,1190,4017,24,659,-
               Sağlık Bakanlığı,15-19,Kadın-Female,3376,541,2343,92,400,-
               Sağlık Bakanlığı,45-49,Toplam-Total,13461,1679,9891,333,1558,-
               Sağlık Bakanlığı,15-19,Erkek-Male,8578,1079,6430,62,1007,-
               Sağlık Bakanlığı,15-19,Kadın-Female,4883,600,3461,271,551,-
               Sağlık Bakanlığı,50-54,Toplam-Total,19844,1723,14986,777,2356,2
               Sağlık Bakanlığı,15-19,Erkek-Male,13122,1106,10245,182,1588,1
               Sağlık Bakanlığı,15-19,Kadın-Female,6722,617,4741,595,768,1
               Sağlık Bakanlığı,55-59,Toplam-Total,34040,2136,26557,2115,3232,-
               Sağlık Bakanlığı,15-19,Erkek-Male,22666,1340,18641,432,2253,-
               Sağlık Bakanlığı,15-19,Kadın-Female,11374,796,7916,1683,979,-
               Sağlık Bakanlığı,60-64,Toplam-Total,43257,1954,33260,4533,3509,1
               Sağlık Bakanlığı,15-19,Erkek-Male,28893,1195,24221,1073,2404,-
               Sağlık Bakanlığı,15-19,Kadın-Female,14364,759,9039,3460,1105,1
               Sağlık Bakanlığı,65-69,Toplam-Total,59713,1849,44253,9919,3691,1
               Sağlık Bakanlığı,15-19,Erkek-Male,37956,1033,32161,2341,2420,1
               Sağlık Bakanlığı,15-19,Kadın-Female,21757,816,12092,7578,1271,-
               Sağlık Bakanlığı,70-74,Toplam-Total,68490,1677,45379,18276,3154,4
               Sağlık Bakanlığı,15-19,Erkek-Male,40333,831,33222,4378,1900,2
               Sağlık Bakanlığı,15-19,Kadın-Female,28157,846,12157,13898,1254,2
               Sağlık Bakanlığı,75+,Toplam-Total,283627,5092,105343,165637,7552,3
               Sağlık Bakanlığı,15-19,Erkek-Male,130155,1437,80859,44351,3507,1
               Sağlık Bakanlığı,15-19,Kadın-Female,153472,3655,24484,121286,4045,2
               Sağlık Bakanlığı,Bilinmeyen,Toplam-Total,-,-,-,-,-,-
               Sağlık Bakanlığı,Unknown ,Erkek-Male,-,-,-,-,-,-
               Sağlık Bakanlığı,15-19,Kadın-Female,-,-,-,-,-,-
2020(r),15-19,Erkek-Male,-,-,-,-,-,-
               Sağlık Bakanlığı,Toplam,Toplam-Total,494761,25590,267983,178017,23157,14
               Sağlık Bakanlığı,Total,Erkek-Male,277241,15579,199433,48136,14087,6
               Sağlık Bakanlığı,15-19,Kadın-Female,217520,10011,68550,129881,9070,8
               Sağlık Bakanlığı,15-19,Toplam-Total,2449,2410,31,2,2,4
               Sağlık Bakanlığı,15-19,Erkek-Male,1688,1682,5,-,-,1
               Sağlık Bakanlığı,15-19,Kadın-Female,761,728,26,2,2,3
               Sağlık Bakanlığı,20-24,Toplam-Total,3098,2731,333,2,32,-
               Sağlık Bakanlığı,15-19,Erkek-Male,2299,2132,158,1,8,-
               Sağlık Bakanlığı,15-19,Kadın-Female,799,599,175,1,24,-
               Sağlık Bakanlığı,25-29,Toplam-Total,3362,2090,1139,16,117,-
               Sağlık Bakanlığı,15-19,Erkek-Male,2434,1653,707,8,66,-
               Sağlık Bakanlığı,15-19,Kadın-Female,928,437,432,8,51,-
               Sağlık Bakanlığı,30-34,Toplam-Total,3731,1490,1955,22,264,-
               Sağlık Bakanlığı,15-19,Erkek-Male,2563,1109,1274,13,167,-
               Sağlık Bakanlığı,15-19,Kadın-Female,1168,381,681,9,97,-
               Sağlık Bakanlığı,35-39,Toplam-Total,5226,1382,3299,36,509,-
               Sağlık Bakanlığı,15-19,Erkek-Male,3389,1006,2068,12,303,-
               Sağlık Bakanlığı,15-19,Kadın-Female,1837,376,1231,24,206,-
               Sağlık Bakanlığı,40-44,Toplam-Total,7343,1386,5053,95,809,-
               Sağlık Bakanlığı,15-19,Erkek-Male,4743,943,3262,19,519,-
               Sağlık Bakanlığı,15-19,Kadın-Female,2600,443,1791,76,290,-
               Sağlık Bakanlığı,45-49,Toplam-Total,11824,1475,8712,257,1380,-
               Sağlık Bakanlığı,15-19,Erkek-Male,7757,976,5805,48,928,-
               Sağlık Bakanlığı,15-19,Kadın-Female,4067,499,2907,209,452,-
               Sağlık Bakanlığı,50-54,Toplam-Total,17406,1577,13218,640,1969,2
               Sağlık Bakanlığı,15-19,Erkek-Male,11728,977,9231,146,1373,1
               Sağlık Bakanlığı,15-19,Kadın-Female,5678,600,3987,494,596,1
               Sağlık Bakanlığı,55-59,Toplam-Total,28617,1788,22571,1738,2519,1
               Sağlık Bakanlığı,15-19,Erkek-Male,19591,1117,16319,369,1786,-
               Sağlık Bakanlığı,15-19,Kadın-Female,9026,671,6252,1369,733,1
               Sağlık Bakanlığı,60-64,Toplam-Total,40664,1748,31701,4085,3127,3
               Sağlık Bakanlığı,15-19,Erkek-Male,27840,1080,23598,1015,2144,3
               Sağlık Bakanlığı,15-19,Kadın-Female,12824,668,8103,3070,983,-
               Sağlık Bakanlığı,65-69,Toplam-Total,50824,1545,38209,8056,3013,1
               Sağlık Bakanlığı,15-19,Erkek-Male,33391,893,28574,1973,1951,-
               Sağlık Bakanlığı,15-19,Kadın-Female,17433,652,9635,6083,1062,1
               Sağlık Bakanlığı,70-74,Toplam-Total,63341,1440,43041,16156,2703,1
               Sağlık Bakanlığı,15-19,Erkek-Male,38557,734,32020,4132,1671,-
               Sağlık Bakanlığı,15-19,Kadın-Female,24784,706,11021,12024,1032,1
               Sağlık Bakanlığı,75+,Toplam-Total,256876,4528,98721,146912,6713,2
               Sağlık Bakanlığı,15-19,Erkek-Male,121261,1277,76412,40400,3171,1
               Sağlık Bakanlığı,15-19,Kadın-Female,135615,3251,22309,106512,3542,1
               Sağlık Bakanlığı,Bilinmeyen,Toplam-Total,-,-,-,-,-,-
               Sağlık Bakanlığı,Unknown ,Erkek-Male,-,-,-,-,-,-
               Sağlık Bakanlığı,15-19,Kadın-Female,-,-,-,-,-,-
2019,15-19,Erkek-Male,-,-,-,-,-,-
               Sağlık Bakanlığı,Toplam,Toplam-Total,420524,22903,221406,156201,20010,4
               Sağlık Bakanlığı,Total,Erkek-Male,229416,13853,162749,40877,11934,3
               Sağlık Bakanlığı,15-19,Kadın-Female,191108,9050,58657,115324,8076,1
               Sağlık Bakanlığı,15-19,Toplam-Total,2532,2493,35,1,3,-
               Sağlık Bakanlığı,15-19,Erkek-Male,1768,1760,7,-,1,-
               Sağlık Bakanlığı,15-19,Kadın-Female,764,733,28,1,2,-
               Sağlık Bakanlığı,20-24,Toplam-Total,2954,2571,345,6,32,-
               Sağlık Bakanlığı,15-19,Erkek-Male,2175,1988,172,2,13,-
               Sağlık Bakanlığı,15-19,Kadın-Female,779,583,173,4,19,-
               Sağlık Bakanlığı,25-29,Toplam-Total,2934,1804,1011,17,102,-
               Sağlık Bakanlığı,15-19,Erkek-Male,2150,1451,639,6,54,-
               Sağlık Bakanlığı,15-19,Kadın-Female,784,353,372,11,48,-
               Sağlık Bakanlığı,30-34,Toplam-Total,3374,1279,1846,24,225,-
               Sağlık Bakanlığı,15-19,Erkek-Male,2247,946,1166,8,127,-
               Sağlık Bakanlığı,15-19,Kadın-Female,1127,333,680,16,98,-
               Sağlık Bakanlığı,35-39,Toplam-Total,4826,1169,3153,40,464,-
               Sağlık Bakanlığı,15-19,Erkek-Male,3110,817,1993,13,287,-
               Sağlık Bakanlığı,15-19,Kadın-Female,1716,352,1160,27,177,-
               Sağlık Bakanlığı,40-44,Toplam-Total,6340,1099,4457,91,693,-
               Sağlık Bakanlığı,15-19,Erkek-Male,4080,741,2888,21,430,-
               Sağlık Bakanlığı,15-19,Kadın-Female,2260,358,1569,70,263,-
               Sağlık Bakanlığı,45-49,Toplam-Total,10251,1295,7597,235,1123,1
               Sağlık Bakanlığı,15-19,Erkek-Male,6608,839,5012,42,715,-
               Sağlık Bakanlığı,15-19,Kadın-Female,3643,456,2585,193,408,1
               Sağlık Bakanlığı,50-54,Toplam-Total,15444,1281,11904,572,1687,-
               Sağlık Bakanlığı,15-19,Erkek-Male,10507,824,8424,113,1146,-
               Sağlık Bakanlığı,15-19,Kadın-Female,4937,457,3480,459,541,-
               Sağlık Bakanlığı,55-59,Toplam-Total,24167,1511,18866,1457,2333,-
               Sağlık Bakanlığı,15-19,Erkek-Male,16534,982,13576,339,1637,-
               Sağlık Bakanlığı,15-19,Kadın-Female,7633,529,5290,1118,696,-
               Sağlık Bakanlığı,60-64,Toplam-Total,33693,1445,26171,3438,2639,-
               Sağlık Bakanlığı,15-19,Erkek-Male,22904,897,19293,892,1822,-
               Sağlık Bakanlığı,15-19,Kadın-Female,10789,548,6878,2546,817,-
               Sağlık Bakanlığı,65-69,Toplam-Total,41488,1311,30965,6700,2510,2
               Sağlık Bakanlığı,15-19,Erkek-Male,27076,764,22975,1713,1622,2
               Sağlık Bakanlığı,15-19,Kadın-Female,14412,547,7990,4987,888,-
               Sağlık Bakanlığı,70-74,Toplam-Total,48323,1290,32180,12644,2209,-
               Sağlık Bakanlığı,15-19,Erkek-Male,28889,615,23698,3207,1369,-
               Sağlık Bakanlığı,15-19,Kadın-Female,19434,675,8482,9437,840,-
               Sağlık Bakanlığı,75+,Toplam-Total,224198,4355,82876,130976,5990,1
               Sağlık Bakanlığı,15-19,Erkek-Male,101368,1229,62906,34521,2711,1
               Sağlık Bakanlığı,15-19,Kadın-Female,122830,3126,19970,96455,3279,-
               Sağlık Bakanlığı,Bilinmeyen,Toplam-Total,-,-,-,-,-,-
               Sağlık Bakanlığı,Unknown ,Erkek-Male,-,-,-,-,-,-
               Sağlık Bakanlığı,15-19,Kadın-Female,-,-,-,-,-,-
2018,15-19,Erkek-Male,-,-,-,-,-,-
               Sağlık Bakanlığı,Toplam,Toplam-Total,409936,22855,216619,151463,18991,8
               Sağlık Bakanlığı,Total,Erkek-Male,223884,14156,159057,39163,11506,2
               Sağlık Bakanlığı,15-19,Kadın-Female,186052,8699,57562,112300,7485,6
               Sağlık Bakanlığı,15-19,Toplam-Total,2707,2672,35,-,-,-
               Sağlık Bakanlığı,15-19,Erkek-Male,1931,1924,7,-,-,-
               Sağlık Bakanlığı,15-19,Kadın-Female,776,748,28,-,-,-
               Sağlık Bakanlığı,20-24,Toplam-Total,3198,2791,364,5,38,-
               Sağlık Bakanlığı,15-19,Erkek-Male,2439,2247,173,1,18,-
               Sağlık Bakanlığı,15-19,Kadın-Female,759,544,191,4,20,-
               Sağlık Bakanlığı,25-29,Toplam-Total,3288,1960,1168,22,138,-
               Sağlık Bakanlığı,15-19,Erkek-Male,2436,1597,756,9,74,-
               Sağlık Bakanlığı,15-19,Kadın-Female,852,363,412,13,64,-
               Sağlık Bakanlığı,30-34,Toplam-Total,3635,1295,2054,32,254,-
               Sağlık Bakanlığı,15-19,Erkek-Male,2496,1003,1324,10,159,-
               Sağlık Bakanlığı,15-19,Kadın-Female,1139,292,730,22,95,-
               Sağlık Bakanlığı,35-39,Toplam-Total,4902,1147,3243,54,458,-
               Sağlık Bakanlığı,15-19,Erkek-Male,3271,805,2158,18,290,-
               Sağlık Bakanlığı,15-19,Kadın-Female,1631,342,1085,36,168,-
               Sağlık Bakanlığı,40-44,Toplam-Total,6614,1080,4683,104,747,-
               Sağlık Bakanlığı,15-19,Erkek-Male,4317,725,3078,25,489,-
               Sağlık Bakanlığı,15-19,Kadın-Female,2297,355,1605,79,258,-
               Sağlık Bakanlığı,45-49,Toplam-Total,9961,1150,7462,258,1091,-
               Sağlık Bakanlığı,15-19,Erkek-Male,6508,737,4948,45,778,-
               Sağlık Bakanlığı,15-19,Kadın-Female,3453,413,2514,213,313,-
               Sağlık Bakanlığı,50-54,Toplam-Total,15853,1383,12296,568,1605,1
               Sağlık Bakanlığı,15-19,Erkek-Male,10781,856,8688,124,1113,-
               Sağlık Bakanlığı,15-19,Kadın-Female,5072,527,3608,444,492,1
               Sağlık Bakanlığı,55-59,Toplam-Total,23352,1419,18257,1545,2131,-
               Sağlık Bakanlığı,15-19,Erkek-Male,16118,916,13318,380,1504,-
               Sağlık Bakanlığı,15-19,Kadın-Female,7234,503,4939,1165,627,-
               Sağlık Bakanlığı,60-64,Toplam-Total,33173,1384,25858,3472,2458,1
               Sağlık Bakanlığı,15-19,Erkek-Male,22446,863,19039,856,1688,-
               Sağlık Bakanlığı,15-19,Kadın-Female,10727,521,6819,2616,770,1
               Sağlık Bakanlığı,65-69,Toplam-Total,40370,1283,29916,6817,2353,1
               Sağlık Bakanlığı,15-19,Erkek-Male,26071,755,22043,1720,1553,-
               Sağlık Bakanlığı,15-19,Kadın-Female,14299,528,7873,5097,800,1
               Sağlık Bakanlığı,70-74,Toplam-Total,46762,1195,31247,12364,1954,2
               Sağlık Bakanlığı,15-19,Erkek-Male,27815,590,23019,3028,1178,-
               Sağlık Bakanlığı,15-19,Kadın-Female,18947,605,8228,9336,776,2
               Sağlık Bakanlığı,75+,Toplam-Total,216121,4096,80036,126222,5764,3
               Sağlık Bakanlığı,15-19,Erkek-Male,97255,1138,60506,32947,2662,2
               Sağlık Bakanlığı,15-19,Kadın-Female,118866,2958,19530,93275,3102,1
               Sağlık Bakanlığı,Bilinmeyen,Toplam-Total,-,-,-,-,-,-
               Sağlık Bakanlığı,Unknown ,Erkek-Male,-,-,-,-,-,-
               Sağlık Bakanlığı,15-19,Kadın-Female,-,-,-,-,-,-
2017,15-19,Erkek-Male,-,-,-,-,-,-
               Sağlık Bakanlığı,Toplam,Toplam-Total,409400,23164,215730,151947,18551,8
               Sağlık Bakanlığı,Total,Erkek-Male,224032,14519,158580,39744,11184,5
               Sağlık Bakanlığı,15-19,Kadın-Female,185368,8645,57150,112203,7367,3
               Sağlık Bakanlığı,15-19,Toplam-Total,2982,2927,52,1,2,-
               Sağlık Bakanlığı,15-19,Erkek-Male,2166,2154,12,-,-,-
               Sağlık Bakanlığı,15-19,Kadın-Female,816,773,40,1,2,-
               Sağlık Bakanlığı,20-24,Toplam-Total,3397,2932,422,5,37,1
               Sağlık Bakanlığı,15-19,Erkek-Male,2583,2352,213,-,17,1
               Sağlık Bakanlığı,15-19,Kadın-Female,814,580,209,5,20,-
               Sağlık Bakanlığı,25-29,Toplam-Total,3447,2016,1275,12,144,-
               Sağlık Bakanlığı,15-19,Erkek-Male,2605,1669,849,4,83,-
               Sağlık Bakanlığı,15-19,Kadın-Female,842,347,426,8,61,-
               Sağlık Bakanlığı,30-34,Toplam-Total,3801,1351,2146,32,272,-
               Sağlık Bakanlığı,15-19,Erkek-Male,2634,1039,1419,10,166,-
               Sağlık Bakanlığı,15-19,Kadın-Female,1167,312,727,22,106,-
               Sağlık Bakanlığı,35-39,Toplam-Total,5149,1237,3416,45,451,-
               Sağlık Bakanlığı,15-19,Erkek-Male,3338,879,2163,13,283,-
               Sağlık Bakanlığı,15-19,Kadın-Female,1811,358,1253,32,168,-
               Sağlık Bakanlığı,40-44,Toplam-Total,6921,1060,4997,105,759,-
               Sağlık Bakanlığı,15-19,Erkek-Male,4543,691,3329,34,489,-
               Sağlık Bakanlığı,15-19,Kadın-Female,2378,369,1668,71,270,-
               Sağlık Bakanlığı,45-49,Toplam-Total,9982,1030,7632,252,1068,-
               Sağlık Bakanlığı,15-19,Erkek-Male,6682,691,5227,56,708,-
               Sağlık Bakanlığı,15-19,Kadın-Female,3300,339,2405,196,360,-
               Sağlık Bakanlığı,50-54,Toplam-Total,16230,1331,12664,614,1621,-
               Sağlık Bakanlığı,15-19,Erkek-Male,11014,864,8898,139,1113,-
               Sağlık Bakanlığı,15-19,Kadın-Female,5216,467,3766,475,508,-
               Sağlık Bakanlığı,55-59,Toplam-Total,22643,1286,17709,1503,2144,1
               Sağlık Bakanlığı,15-19,Erkek-Male,15696,844,12965,382,1505,-
               Sağlık Bakanlığı,15-19,Kadın-Female,6947,442,4744,1121,639,1
               Sağlık Bakanlığı,60-64,Toplam-Total,32698,1346,25538,3487,2326,1
               Sağlık Bakanlığı,15-19,Erkek-Male,22261,839,18895,898,1628,1
               Sağlık Bakanlığı,15-19,Kadın-Female,10437,507,6643,2589,698,-
               Sağlık Bakanlığı,65-69,Toplam-Total,39686,1188,29531,6786,2181,-
               Sağlık Bakanlığı,15-19,Erkek-Male,25501,653,21722,1643,1483,-
               Sağlık Bakanlığı,15-19,Kadın-Female,14185,535,7809,5143,698,-
               Sağlık Bakanlığı,70-74,Toplam-Total,46488,1151,30615,12830,1890,2
               Sağlık Bakanlığı,15-19,Erkek-Male,27606,600,22615,3215,1174,2
               Sağlık Bakanlığı,15-19,Kadın-Female,18882,551,8000,9615,716,-
               Sağlık Bakanlığı,75+,Toplam-Total,215976,4309,79733,126275,5656,3
               Sağlık Bakanlığı,15-19,Erkek-Male,97403,1244,60273,33350,2535,1
               Sağlık Bakanlığı,15-19,Kadın-Female,118573,3065,19460,92925,3121,2
               Sağlık Bakanlığı,Bilinmeyen,Toplam-Total,-,-,-,-,-,-
               Sağlık Bakanlığı,Unknown ,Erkek-Male,-,-,-,-,-,-
               Sağlık Bakanlığı,15-19,Kadın-Female,-,-,-,-,-,-
2016,15-19,Erkek-Male,-,-,-,-,-,-
               Sağlık Bakanlığı,Toplam,Toplam-Total,404248,23691,213906,149019,17629,3
               Sağlık Bakanlığı,Total,Erkek-Male,221291,14959,156813,38961,10556,2
               Sağlık Bakanlığı,15-19,Kadın-Female,182957,8732,57093,110058,7073,1
               Sağlık Bakanlığı,15-19,Toplam-Total,3288,3245,41,-,2,-
               Sağlık Bakanlığı,15-19,Erkek-Male,2408,2395,13,-,-,-
               Sağlık Bakanlığı,15-19,Kadın-Female,880,850,28,-,2,-
               Sağlık Bakanlığı,20-24,Toplam-Total,3852,3287,515,12,38,-
               Sağlık Bakanlığı,15-19,Erkek-Male,2956,2685,250,4,17,-
               Sağlık Bakanlığı,15-19,Kadın-Female,896,602,265,8,21,-
               Sağlık Bakanlığı,25-29,Toplam-Total,3828,2181,1502,16,129,-
               Sağlık Bakanlığı,15-19,Erkek-Male,2873,1792,998,6,77,-
               Sağlık Bakanlığı,15-19,Kadın-Female,955,389,504,10,52,-
               Sağlık Bakanlığı,30-34,Toplam-Total,4054,1391,2379,37,247,-
               Sağlık Bakanlığı,15-19,Erkek-Male,2878,1061,1648,15,154,-
               Sağlık Bakanlığı,15-19,Kadın-Female,1176,330,731,22,93,-
               Sağlık Bakanlığı,35-39,Toplam-Total,5239,1161,3539,51,486,2
               Sağlık Bakanlığı,15-19,Erkek-Male,3450,820,2328,15,286,1
               Sağlık Bakanlığı,15-19,Kadın-Female,1789,341,1211,36,200,1
               Sağlık Bakanlığı,40-44,Toplam-Total,6932,1031,5051,119,731,-
               Sağlık Bakanlığı,15-19,Erkek-Male,4488,668,3332,27,461,-
               Sağlık Bakanlığı,15-19,Kadın-Female,2444,363,1719,92,270,-
               Sağlık Bakanlığı,45-49,Toplam-Total,9629,1025,7370,232,1002,-
               Sağlık Bakanlığı,15-19,Erkek-Male,6385,644,4990,57,694,-
               Sağlık Bakanlığı,15-19,Kadın-Female,3244,381,2380,175,308,-
               Sağlık Bakanlığı,50-54,Toplam-Total,16854,1370,13202,713,1569,-
               Sağlık Bakanlığı,15-19,Erkek-Male,11490,873,9372,164,1081,-
               Sağlık Bakanlığı,15-19,Kadın-Female,5364,497,3830,549,488,-
               Sağlık Bakanlığı,55-59,Toplam-Total,22051,1248,17492,1408,1903,-
               Sağlık Bakanlığı,15-19,Erkek-Male,15237,808,12788,318,1323,-
               Sağlık Bakanlığı,15-19,Kadın-Female,6814,440,4704,1090,580,-
               Sağlık Bakanlığı,60-64,Toplam-Total,32751,1284,25802,3487,2178,-
               Sağlık Bakanlığı,15-19,Erkek-Male,22125,808,18974,852,1491,-
               Sağlık Bakanlığı,15-19,Kadın-Female,10626,476,6828,2635,687,-
               Sağlık Bakanlığı,65-69,Toplam-Total,38870,1218,28672,6902,2077,1
               Sağlık Bakanlığı,15-19,Erkek-Male,24795,728,21036,1651,1379,1
               Sağlık Bakanlığı,15-19,Kadın-Female,14075,490,7636,5251,698,-
               Sağlık Bakanlığı,70-74,Toplam-Total,46446,1089,30573,13023,1761,-
               Sağlık Bakanlığı,15-19,Erkek-Male,27333,556,22423,3273,1081,-
               Sağlık Bakanlığı,15-19,Kadın-Female,19113,533,8150,9750,680,-
               Sağlık Bakanlığı,75+,Toplam-Total,210454,4161,77768,123019,5506,-
               Sağlık Bakanlığı,15-19,Erkek-Male,94873,1121,58661,32579,2512,-
               Sağlık Bakanlığı,15-19,Kadın-Female,115581,3040,19107,90440,2994,-
               Sağlık Bakanlığı,Bilinmeyen,Toplam-Total,-,-,-,-,-,-
               Sağlık Bakanlığı,Unknown ,Erkek-Male,-,-,-,-,-,-
               Sağlık Bakanlığı,15-19,Kadın-Female,-,-,-,-,-,-
2015,15-19,Erkek-Male,-,-,-,-,-,-
               Sağlık Bakanlığı,Toplam,Toplam-Total,386036,21805,206133,141168,16929,1
               Sağlık Bakanlığı,Total,Erkek-Male,211261,13441,150669,37143,10007,1
               Sağlık Bakanlığı,15-19,Kadın-Female,174775,8364,55464,104025,6922,-
               Sağlık Bakanlığı,15-19,Toplam-Total,3153,3092,57,2,2,-
               Sağlık Bakanlığı,15-19,Erkek-Male,2273,2264,8,1,-,-
               Sağlık Bakanlığı,15-19,Kadın-Female,880,828,49,1,2,-
               Sağlık Bakanlığı,20-24,Toplam-Total,3347,2843,447,8,49,-
               Sağlık Bakanlığı,15-19,Erkek-Male,2526,2298,207,1,20,-
               Sağlık Bakanlığı,15-19,Kadın-Female,821,545,240,7,29,-
               Sağlık Bakanlığı,25-29,Toplam-Total,3353,1918,1288,31,116,-
               Sağlık Bakanlığı,15-19,Erkek-Male,2454,1516,859,11,68,-
               Sağlık Bakanlığı,15-19,Kadın-Female,899,402,429,20,48,-
               Sağlık Bakanlığı,30-34,Toplam-Total,3829,1273,2254,30,272,-
               Sağlık Bakanlığı,15-19,Erkek-Male,2675,957,1541,13,164,-
               Sağlık Bakanlığı,15-19,Kadın-Female,1154,316,713,17,108,-
               Sağlık Bakanlığı,35-39,Toplam-Total,4631,987,3151,50,443,-
               Sağlık Bakanlığı,15-19,Erkek-Male,2994,669,2040,19,266,-
               Sağlık Bakanlığı,15-19,Kadın-Female,1637,318,1111,31,177,-
               Sağlık Bakanlığı,40-44,Toplam-Total,6696,970,4938,120,668,-
               Sağlık Bakanlığı,15-19,Erkek-Male,4295,626,3205,27,437,-
               Sağlık Bakanlığı,15-19,Kadın-Female,2401,344,1733,93,231,-
               Sağlık Bakanlığı,45-49,Toplam-Total,9677,1019,7438,269,950,1
               Sağlık Bakanlığı,15-19,Erkek-Male,6439,653,5080,56,649,1
               Sağlık Bakanlığı,15-19,Kadın-Female,3238,366,2358,213,301,-
               Sağlık Bakanlığı,50-54,Toplam-Total,16023,1182,12695,663,1483,-
               Sağlık Bakanlığı,15-19,Erkek-Male,10987,759,9075,137,1016,-
               Sağlık Bakanlığı,15-19,Kadın-Female,5036,423,3620,526,467,-
               Sağlık Bakanlığı,55-59,Toplam-Total,23121,1226,18415,1479,2001,-
               Sağlık Bakanlığı,15-19,Erkek-Male,16024,794,13494,341,1395,-
               Sağlık Bakanlığı,15-19,Kadın-Female,7097,432,4921,1138,606,-
               Sağlık Bakanlığı,60-64,Toplam-Total,29543,1118,23209,3284,1932,-
               Sağlık Bakanlığı,15-19,Erkek-Male,19916,671,17080,840,1325,-
               Sağlık Bakanlığı,15-19,Kadın-Female,9627,447,6129,2444,607,-
               Sağlık Bakanlığı,65-69,Toplam-Total,37237,1059,27607,6658,1913,-
               Sağlık Bakanlığı,15-19,Erkek-Male,23578,593,20114,1608,1263,-
               Sağlık Bakanlığı,15-19,Kadın-Female,13659,466,7493,5050,650,-
               Sağlık Bakanlığı,70-74,Toplam-Total,44716,1095,29323,12672,1626,-
               Sağlık Bakanlığı,15-19,Erkek-Male,26122,543,21420,3178,981,-
               Sağlık Bakanlığı,15-19,Kadın-Female,18594,552,7903,9494,645,-
               Sağlık Bakanlığı,75+,Toplam-Total,200710,4023,75311,115902,5474,-
               Sağlık Bakanlığı,15-19,Erkek-Male,90978,1098,56546,30911,2423,-
               Sağlık Bakanlığı,15-19,Kadın-Female,109732,2925,18765,84991,3051,-
               Sağlık Bakanlığı,Bilinmeyen,Toplam-Total,-,-,-,-,-,-
               Sağlık Bakanlığı,Unknown ,Erkek-Male,-,-,-,-,-,-
               Sağlık Bakanlığı,15-19,Kadın-Female,-,-,-,-,-,-
2014,15-19,Erkek-Male,-,-,-,-,-,-
               Sağlık Bakanlığı,Toplam,Toplam-Total,369985,20795,199008,134833,15312,37
               Sağlık Bakanlığı,Total,Erkek-Male,201908,12651,145141,35091,9000,25
               Sağlık Bakanlığı,15-19,Kadın-Female,168077,8144,53867,99742,6312,12
               Sağlık Bakanlığı,15-19,Toplam-Total,3019,2955,61,-,1,2
               Sağlık Bakanlığı,15-19,Erkek-Male,2212,2195,16,-,-,1
               Sağlık Bakanlığı,15-19,Kadın-Female,807,760,45,-,1,1
               Sağlık Bakanlığı,20-24,Toplam-Total,3327,2758,508,6,53,2
               Sağlık Bakanlığı,15-19,Erkek-Male,2408,2142,244,-,20,2
               Sağlık Bakanlığı,15-19,Kadın-Female,919,616,264,6,33,-
               Sağlık Bakanlığı,25-29,Toplam-Total,3178,1701,1343,16,114,4
               Sağlık Bakanlığı,15-19,Erkek-Male,2312,1343,892,5,68,4
               Sağlık Bakanlığı,15-19,Kadın-Female,866,358,451,11,46,-
               Sağlık Bakanlığı,30-34,Toplam-Total,3881,1226,2349,30,273,3
               Sağlık Bakanlığı,15-19,Erkek-Male,2677,913,1598,15,150,1
               Sağlık Bakanlığı,15-19,Kadın-Female,1204,313,751,15,123,2
               Sağlık Bakanlığı,35-39,Toplam-Total,4701,993,3261,41,403,3
               Sağlık Bakanlığı,15-19,Erkek-Male,3033,644,2116,9,262,2
               Sağlık Bakanlığı,15-19,Kadın-Female,1668,349,1145,32,141,1
               Sağlık Bakanlığı,40-44,Toplam-Total,6870,908,5234,116,607,5
               Sağlık Bakanlığı,15-19,Erkek-Male,4497,575,3496,32,391,3
               Sağlık Bakanlığı,15-19,Kadın-Female,2373,333,1738,84,216,2
               Sağlık Bakanlığı,45-49,Toplam-Total,10154,1029,7919,288,915,3
               Sağlık Bakanlığı,15-19,Erkek-Male,6694,622,5398,51,622,1
               Sağlık Bakanlığı,15-19,Kadın-Female,3460,407,2521,237,293,2
               Sağlık Bakanlığı,50-54,Toplam-Total,15926,1126,12723,693,1383,1
               Sağlık Bakanlığı,15-19,Erkek-Male,10893,726,9045,162,959,1
               Sağlık Bakanlığı,15-19,Kadın-Female,5033,400,3678,531,424,-
               Sağlık Bakanlığı,55-59,Toplam-Total,22202,1173,17850,1491,1685,3
               Sağlık Bakanlığı,15-19,Erkek-Male,15269,768,12964,364,1170,3
               Sağlık Bakanlığı,15-19,Kadın-Female,6933,405,4886,1127,515,-
               Sağlık Bakanlığı,60-64,Toplam-Total,28751,1004,22689,3257,1798,3
               Sağlık Bakanlığı,15-19,Erkek-Male,19342,613,16689,784,1253,3
               Sağlık Bakanlığı,15-19,Kadın-Female,9409,391,6000,2473,545,-
               Sağlık Bakanlığı,65-69,Toplam-Total,34586,945,25577,6478,1583,3
               Sağlık Bakanlığı,15-19,Erkek-Male,21683,538,18602,1531,1011,1
               Sağlık Bakanlığı,15-19,Kadın-Female,12903,407,6975,4947,572,2
               Sağlık Bakanlığı,70-74,Toplam-Total,43399,1025,28240,12579,1554,1
               Sağlık Bakanlığı,15-19,Erkek-Male,25141,495,20574,3161,910,1
               Sağlık Bakanlığı,15-19,Kadın-Female,18258,530,7666,9418,644,-
               Sağlık Bakanlığı,75+,Toplam-Total,189991,3952,71254,109838,4943,4
               Sağlık Bakanlığı,15-19,Erkek-Male,85747,1077,53507,28977,2184,2
               Sağlık Bakanlığı,15-19,Kadın-Female,104244,2875,17747,80861,2759,2
               Sağlık Bakanlığı,Bilinmeyen,Toplam-Total,-,-,-,-,-,-
               Sağlık Bakanlığı,Unknown ,Erkek-Male,-,-,-,-,-,-
               Sağlık Bakanlığı,15-19,Kadın-Female,-,-,-,-,-,-
2013,15-19,Erkek-Male,-,-,-,-,-,-
               Sağlık Bakanlığı,Toplam,Toplam-Total,352046,20097,191844,125952,14153,-
               Sağlık Bakanlığı,Total,Erkek-Male,193976,12112,140524,32914,8426,-
               Sağlık Bakanlığı,15-19,Kadın-Female,158070,7985,51320,93038,5727,-
               Sağlık Bakanlığı,15-19,Toplam-Total,3087,3018,65,2,2,-
               Sağlık Bakanlığı,15-19,Erkek-Male,2203,2192,11,-,-,-
               Sağlık Bakanlığı,15-19,Kadın-Female,884,826,54,2,2,-
               Sağlık Bakanlığı,20-24,Toplam-Total,3037,2528,470,7,32,-
               Sağlık Bakanlığı,15-19,Erkek-Male,2197,1941,241,2,13,-
               Sağlık Bakanlığı,15-19,Kadın-Female,840,587,229,5,19,-
               Sağlık Bakanlığı,25-29,Toplam-Total,3242,1694,1424,11,113,-
               Sağlık Bakanlığı,15-19,Erkek-Male,2267,1317,895,2,53,-
               Sağlık Bakanlığı,15-19,Kadın-Female,975,377,529,9,60,-
               Sağlık Bakanlığı,30-34,Toplam-Total,3791,1194,2302,36,259,-
               Sağlık Bakanlığı,15-19,Erkek-Male,2495,854,1489,12,140,-
               Sağlık Bakanlığı,15-19,Kadın-Female,1296,340,813,24,119,-
               Sağlık Bakanlığı,35-39,Toplam-Total,4709,956,3298,67,388,-
               Sağlık Bakanlığı,15-19,Erkek-Male,3026,631,2153,18,224,-
               Sağlık Bakanlığı,15-19,Kadın-Female,1683,325,1145,49,164,-
               Sağlık Bakanlığı,40-44,Toplam-Total,6767,880,5156,112,619,-
               Sağlık Bakanlığı,15-19,Erkek-Male,4408,538,3445,32,393,-
               Sağlık Bakanlığı,15-19,Kadın-Female,2359,342,1711,80,226,-
               Sağlık Bakanlığı,45-49,Toplam-Total,10406,1002,8186,305,913,-
               Sağlık Bakanlığı,15-19,Erkek-Male,7018,625,5707,60,626,-
               Sağlık Bakanlığı,15-19,Kadın-Female,3388,377,2479,245,287,-
               Sağlık Bakanlığı,50-54,Toplam-Total,15559,1074,12573,680,1232,-
               Sağlık Bakanlığı,15-19,Erkek-Male,10659,714,8958,136,851,-
               Sağlık Bakanlığı,15-19,Kadın-Female,4900,360,3615,544,381,-
               Sağlık Bakanlığı,55-59,Toplam-Total,22013,1050,17773,1570,1620,-
               Sağlık Bakanlığı,15-19,Erkek-Male,15331,689,13121,365,1156,-
               Sağlık Bakanlığı,15-19,Kadın-Female,6682,361,4652,1205,464,-
               Sağlık Bakanlığı,60-64,Toplam-Total,27862,978,22002,3285,1597,-
               Sağlık Bakanlığı,15-19,Erkek-Male,18846,592,16351,792,1111,-
               Sağlık Bakanlığı,15-19,Kadın-Female,9016,386,5651,2493,486,-
               Sağlık Bakanlığı,65-69,Toplam-Total,33064,950,24328,6308,1478,-
               Sağlık Bakanlığı,15-19,Erkek-Male,20830,517,17832,1495,986,-
               Sağlık Bakanlığı,15-19,Kadın-Female,12234,433,6496,4813,492,-
               Sağlık Bakanlığı,70-74,Toplam-Total,42841,1037,27758,12680,1366,-
               Sağlık Bakanlığı,15-19,Erkek-Male,24819,503,20294,3216,806,-
               Sağlık Bakanlığı,15-19,Kadın-Female,18022,534,7464,9464,560,-
               Sağlık Bakanlığı,75+,Toplam-Total,175665,3736,66507,100888,4534,-
               Sağlık Bakanlığı,15-19,Erkek-Male,79874,999,50025,26783,2067,-
               Sağlık Bakanlığı,15-19,Kadın-Female,95791,2737,16482,74105,2467,-
               Sağlık Bakanlığı,Bilinmeyen,Toplam-Total,3,-,2,1,-,-
               Sağlık Bakanlığı,Unknown ,Erkek-Male,3,-,2,1,-,-
               Sağlık Bakanlığı,15-19,Kadın-Female,-,-,-,-,-,-
2012,15-19,Erkek-Male,-,-,-,-,-,-
               Sağlık Bakanlığı,Toplam,Toplam-Total,353670,20821,191554,124729,13488,3078
               Sağlık Bakanlığı,Total,Erkek-Male,195308,12394,140376,33074,7958,1506
               Sağlık Bakanlığı,15-19,Kadın-Female,158362,8427,51178,91655,5530,1572
               Sağlık Bakanlığı,15-19,Toplam-Total,3235,3115,63,2,5,50
               Sağlık Bakanlığı,15-19,Erkek-Male,2203,2160,10,-,-,33
               Sağlık Bakanlığı,15-19,Kadın-Female,1032,955,53,2,5,17
               Sağlık Bakanlığı,20-24,Toplam-Total,3399,2785,487,6,34,87
               Sağlık Bakanlığı,15-19,Erkek-Male,2477,2187,229,3,12,46
               Sağlık Bakanlığı,15-19,Kadın-Female,922,598,258,3,22,41
               Sağlık Bakanlığı,25-29,Toplam-Total,3620,1925,1477,24,110,84
               Sağlık Bakanlığı,15-19,Erkek-Male,2531,1454,977,8,54,38
               Sağlık Bakanlığı,15-19,Kadın-Female,1089,471,500,16,56,46
               Sağlık Bakanlığı,30-34,Toplam-Total,4162,1344,2466,27,238,87
               Sağlık Bakanlığı,15-19,Erkek-Male,2736,895,1656,3,144,38
               Sağlık Bakanlığı,15-19,Kadın-Female,1426,449,810,24,94,49
               Sağlık Bakanlığı,35-39,Toplam-Total,4984,1026,3466,53,361,78
               Sağlık Bakanlığı,15-19,Erkek-Male,3181,581,2319,15,228,38
               Sağlık Bakanlığı,15-19,Kadın-Female,1803,445,1147,38,133,40
               Sağlık Bakanlığı,40-44,Toplam-Total,6700,897,5016,107,589,91
               Sağlık Bakanlığı,15-19,Erkek-Male,4385,549,3393,21,368,54
               Sağlık Bakanlığı,15-19,Kadın-Female,2315,348,1623,86,221,37
               Sağlık Bakanlığı,45-49,Toplam-Total,10696,1060,8340,313,863,120
               Sağlık Bakanlığı,15-19,Erkek-Male,7139,639,5789,72,568,71
               Sağlık Bakanlığı,15-19,Kadın-Female,3557,421,2551,241,295,49
               Sağlık Bakanlığı,50-54,Toplam-Total,15439,1088,12223,669,1294,165
               Sağlık Bakanlığı,15-19,Erkek-Male,10714,670,8883,157,902,102
               Sağlık Bakanlığı,15-19,Kadın-Female,4725,418,3340,512,392,63
               Sağlık Bakanlığı,55-59,Toplam-Total,22685,1128,18324,1587,1463,183
               Sağlık Bakanlığı,15-19,Erkek-Male,15671,700,13478,360,1012,121
               Sağlık Bakanlığı,15-19,Kadın-Female,7014,428,4846,1227,451,62
               Sağlık Bakanlığı,60-64,Toplam-Total,27651,966,21602,3319,1546,218
               Sağlık Bakanlığı,15-19,Erkek-Male,18659,571,16052,819,1086,131
               Sağlık Bakanlığı,15-19,Kadın-Female,8992,395,5550,2500,460,87
               Sağlık Bakanlığı,65-69,Toplam-Total,33147,915,24320,6336,1324,252
               Sağlık Bakanlığı,15-19,Erkek-Male,20835,514,17780,1560,842,139
               Sağlık Bakanlığı,15-19,Kadın-Female,12312,401,6540,4776,482,113
               Sağlık Bakanlığı,70-74,Toplam-Total,44095,1010,28319,13041,1415,310
               Sağlık Bakanlığı,15-19,Erkek-Male,25454,471,20708,3305,814,156
               Sağlık Bakanlığı,15-19,Kadın-Female,18641,539,7611,9736,601,154
               Sağlık Bakanlığı,75+,Toplam-Total,173847,3561,65451,99243,4246,1346
               Sağlık Bakanlığı,15-19,Erkek-Male,79319,1003,49102,26751,1928,535
               Sağlık Bakanlığı,15-19,Kadın-Female,94528,2558,16349,72492,2318,811
               Sağlık Bakanlığı,Bilinmeyen,Toplam-Total,10,1,-,2,-,7
               Sağlık Bakanlığı,Unknown ,Erkek-Male,4,-,-,-,-,4
               Sağlık Bakanlığı,15-19,Kadın-Female,6,1,-,2,-,3
2011,15-19,Erkek-Male,-,-,-,-,-,-
               Sağlık Bakanlığı,Toplam,Toplam-Total,352865,21647,190640,123470,13194,3914
               Sağlık Bakanlığı,Total,Erkek-Male,193979,12152,139300,32824,7817,1886
               Sağlık Bakanlığı,15-19,Kadın-Female,158886,9495,51340,90646,5377,2028
               Sağlık Bakanlığı,15-19,Toplam-Total,3413,3258,72,-,5,78
               Sağlık Bakanlığı,15-19,Erkek-Male,2300,2252,12,-,-,36
               Sağlık Bakanlığı,15-19,Kadın-Female,1113,1006,60,-,5,42
               Sağlık Bakanlığı,20-24,Toplam-Total,3414,2724,527,20,37,106
               Sağlık Bakanlığı,15-19,Erkek-Male,2333,2022,243,4,16,48
               Sağlık Bakanlığı,15-19,Kadın-Female,1081,702,284,16,21,58
               Sağlık Bakanlığı,25-29,Toplam-Total,3734,1891,1574,33,125,111
               Sağlık Bakanlığı,15-19,Erkek-Male,2447,1320,1003,11,69,44
               Sağlık Bakanlığı,15-19,Kadın-Female,1287,571,571,22,56,67
               Sağlık Bakanlığı,30-34,Toplam-Total,4274,1288,2606,35,236,109
               Sağlık Bakanlığı,15-19,Erkek-Male,2772,840,1742,12,132,46
               Sağlık Bakanlığı,15-19,Kadın-Female,1502,448,864,23,104,63
               Sağlık Bakanlığı,35-39,Toplam-Total,5280,1090,3636,56,382,116
               Sağlık Bakanlığı,15-19,Erkek-Male,3257,555,2405,16,235,46
               Sağlık Bakanlığı,15-19,Kadın-Female,2023,535,1231,40,147,70
               Sağlık Bakanlığı,40-44,Toplam-Total,6690,901,5006,135,531,117
               Sağlık Bakanlığı,15-19,Erkek-Male,4384,521,3432,26,344,61
               Sağlık Bakanlığı,15-19,Kadın-Female,2306,380,1574,109,187,56
               Sağlık Bakanlığı,45-49,Toplam-Total,11396,1223,8845,310,870,148
               Sağlık Bakanlığı,15-19,Erkek-Male,7506,642,6127,57,575,105
               Sağlık Bakanlığı,15-19,Kadın-Female,3890,581,2718,253,295,43
               Sağlık Bakanlığı,50-54,Toplam-Total,15076,1054,11970,697,1189,166
               Sağlık Bakanlığı,15-19,Erkek-Male,10389,641,8624,170,828,126
               Sağlık Bakanlığı,15-19,Kadın-Female,4687,413,3346,527,361,40
               Sağlık Bakanlığı,55-59,Toplam-Total,22450,1125,17911,1655,1525,234
               Sağlık Bakanlığı,15-19,Erkek-Male,15365,630,13129,368,1084,154
               Sağlık Bakanlığı,15-19,Kadın-Female,7085,495,4782,1287,441,80
               Sağlık Bakanlığı,60-64,Toplam-Total,28053,1060,21719,3481,1522,271
               Sağlık Bakanlığı,15-19,Erkek-Male,18547,601,15863,870,1042,171
               Sağlık Bakanlığı,15-19,Kadın-Female,9506,459,5856,2611,480,100
               Sağlık Bakanlığı,65-69,Toplam-Total,33468,962,24337,6564,1285,320
               Sağlık Bakanlığı,15-19,Erkek-Male,21049,507,17895,1608,835,204
               Sağlık Bakanlığı,15-19,Kadın-Female,12419,455,6442,4956,450,116
               Sağlık Bakanlığı,70-74,Toplam-Total,44277,1151,28056,13255,1368,447
               Sağlık Bakanlığı,15-19,Erkek-Male,25456,541,20477,3417,788,233
               Sağlık Bakanlığı,15-19,Kadın-Female,18821,610,7579,9838,580,214
               Sağlık Bakanlığı,75+,Toplam-Total,171325,3919,64380,97225,4119,1682
               Sağlık Bakanlığı,15-19,Erkek-Male,78167,1079,48347,26264,1869,608
               Sağlık Bakanlığı,15-19,Kadın-Female,93158,2840,16033,70961,2250,1074
               Sağlık Bakanlığı,Bilinmeyen,Toplam-Total,15,1,1,4,-,9
               Sağlık Bakanlığı,Unknown ,Erkek-Male,7,1,1,1,-,4
               Sağlık Bakanlığı,15-19,Kadın-Female,8,-,-,3,-,5
2010,15-19,Erkek-Male,-,-,-,-,-,-
               Sağlık Bakanlığı,Toplam,Toplam-Total,341709,20867,184754,117898,11988,6202
               Sağlık Bakanlığı,Total,Erkek-Male,187062,11657,134658,30672,6944,3131
               Sağlık Bakanlığı,15-19,Kadın-Female,154647,9210,50096,87226,5044,3071
               Sağlık Bakanlığı,15-19,Toplam-Total,3336,3183,78,1,-,74
               Sağlık Bakanlığı,15-19,Erkek-Male,2225,2163,16,-,-,46
               Sağlık Bakanlığı,15-19,Kadın-Female,1111,1020,62,1,-,28
               Sağlık Bakanlığı,20-24,Toplam-Total,3333,2679,528,9,28,89
               Sağlık Bakanlığı,15-19,Erkek-Male,2313,2031,225,2,10,45
               Sağlık Bakanlığı,15-19,Kadın-Female,1020,648,303,7,18,44
               Sağlık Bakanlığı,25-29,Toplam-Total,3841,1906,1674,26,99,136
               Sağlık Bakanlığı,15-19,Erkek-Male,2582,1345,1106,10,44,77
               Sağlık Bakanlığı,15-19,Kadın-Female,1259,561,568,16,55,59
               Sağlık Bakanlığı,30-34,Toplam-Total,4192,1223,2591,36,223,119
               Sağlık Bakanlığı,15-19,Erkek-Male,2748,765,1779,7,125,72
               Sağlık Bakanlığı,15-19,Kadın-Female,1444,458,812,29,98,47
               Sağlık Bakanlığı,35-39,Toplam-Total,5222,1074,3622,68,324,134
               Sağlık Bakanlığı,15-19,Erkek-Male,3310,589,2416,19,212,74
               Sağlık Bakanlığı,15-19,Kadın-Female,1912,485,1206,49,112,60
               Sağlık Bakanlığı,40-44,Toplam-Total,6946,938,5209,109,544,146
               Sağlık Bakanlığı,15-19,Erkek-Male,4436,488,3523,14,328,83
               Sağlık Bakanlığı,15-19,Kadın-Female,2510,450,1686,95,216,63
               Sağlık Bakanlığı,45-49,Toplam-Total,11477,1057,9002,332,858,228
               Sağlık Bakanlığı,15-19,Erkek-Male,7683,585,6343,64,530,161
               Sağlık Bakanlığı,15-19,Kadın-Female,3794,472,2659,268,328,67
               Sağlık Bakanlığı,50-54,Toplam-Total,16072,1069,12804,722,1160,317
               Sağlık Bakanlığı,15-19,Erkek-Male,11183,613,9372,161,837,200
               Sağlık Bakanlığı,15-19,Kadın-Female,4889,456,3432,561,323,117
               Sağlık Bakanlığı,55-59,Toplam-Total,20791,1010,16627,1577,1227,350
               Sağlık Bakanlığı,15-19,Erkek-Male,14316,623,12251,367,855,220
               Sağlık Bakanlığı,15-19,Kadın-Female,6475,387,4376,1210,372,130
               Sağlık Bakanlığı,60-64,Toplam-Total,27056,990,20999,3277,1306,484
               Sağlık Bakanlığı,15-19,Erkek-Male,17711,566,15229,740,882,294
               Sağlık Bakanlığı,15-19,Kadın-Female,9345,424,5770,2537,424,190
               Sağlık Bakanlığı,65-69,Toplam-Total,32569,913,23342,6531,1208,575
               Sağlık Bakanlığı,15-19,Erkek-Male,20116,460,16962,1549,787,358
               Sağlık Bakanlığı,15-19,Kadın-Female,12453,453,6380,4982,421,217
               Sağlık Bakanlığı,70-74,Toplam-Total,42799,1071,26829,13031,1192,676
               Sağlık Bakanlığı,15-19,Erkek-Male,24154,471,19383,3324,634,342
               Sağlık Bakanlığı,15-19,Kadın-Female,18645,600,7446,9707,558,334
               Sağlık Bakanlığı,75+,Toplam-Total,163961,3754,61449,92179,3819,2760
               Sağlık Bakanlığı,15-19,Erkek-Male,74194,958,46053,24415,1700,1068
               Sağlık Bakanlığı,15-19,Kadın-Female,89767,2796,15396,67764,2119,1692
               Sağlık Bakanlığı,Bilinmeyen,Toplam-Total,114,-,-,-,-,114
               Sağlık Bakanlığı,Unknown ,Erkek-Male,91,-,-,-,-,91
               Sağlık Bakanlığı,15-19,Kadın-Female,23,-,-,-,-,23
2009,15-19,Erkek-Male,-,-,-,-,-,-
               Sağlık Bakanlığı,Toplam,Toplam-Total,341249,20824,183297,113963,12242,10923
               Sağlık Bakanlığı,Total,Erkek-Male,188317,11685,133805,29986,7139,5702
               Sağlık Bakanlığı,15-19,Kadın-Female,152932,9139,49492,83977,5103,5221
               Sağlık Bakanlığı,15-19,Toplam-Total,3455,3274,70,2,-,109
               Sağlık Bakanlığı,15-19,Erkek-Male,2261,2173,15,-,-,73
               Sağlık Bakanlığı,15-19,Kadın-Female,1194,1101,55,2,-,36
               Sağlık Bakanlığı,20-24,Toplam-Total,3608,2761,615,10,32,190
               Sağlık Bakanlığı,15-19,Erkek-Male,2430,2062,242,3,10,113
               Sağlık Bakanlığı,15-19,Kadın-Female,1178,699,373,7,22,77
               Sağlık Bakanlığı,25-29,Toplam-Total,4197,2068,1772,22,115,220
               Sağlık Bakanlığı,15-19,Erkek-Male,2799,1443,1146,6,50,154
               Sağlık Bakanlığı,15-19,Kadın-Female,1398,625,626,16,65,66
               Sağlık Bakanlığı,30-34,Toplam-Total,4285,1261,2546,41,210,227
               Sağlık Bakanlığı,15-19,Erkek-Male,2763,765,1721,11,115,151
               Sağlık Bakanlığı,15-19,Kadın-Female,1522,496,825,30,95,76
               Sağlık Bakanlığı,35-39,Toplam-Total,5569,1063,3882,69,318,237
               Sağlık Bakanlığı,15-19,Erkek-Male,3516,549,2594,16,199,158
               Sağlık Bakanlığı,15-19,Kadın-Female,2053,514,1288,53,119,79
               Sağlık Bakanlığı,40-44,Toplam-Total,7802,1066,5771,146,516,303
               Sağlık Bakanlığı,15-19,Erkek-Male,5082,542,3952,42,344,202
               Sağlık Bakanlığı,15-19,Kadın-Female,2720,524,1819,104,172,101
               Sağlık Bakanlığı,45-49,Toplam-Total,11956,1102,9240,343,870,401
               Sağlık Bakanlığı,15-19,Erkek-Male,7952,621,6422,70,589,250
               Sağlık Bakanlığı,15-19,Kadın-Female,4004,481,2818,273,281,151
               Sağlık Bakanlığı,50-54,Toplam-Total,16742,1020,13272,814,1145,491
               Sağlık Bakanlığı,15-19,Erkek-Male,11632,581,9727,181,810,333
               Sağlık Bakanlığı,15-19,Kadın-Female,5110,439,3545,633,335,158
               Sağlık Bakanlığı,55-59,Toplam-Total,21628,962,17117,1657,1336,556
               Sağlık Bakanlığı,15-19,Erkek-Male,14937,569,12676,386,921,385
               Sağlık Bakanlığı,15-19,Kadın-Female,6691,393,4441,1271,415,171
               Sağlık Bakanlığı,60-64,Toplam-Total,26252,877,20075,3380,1243,677
               Sağlık Bakanlığı,15-19,Erkek-Male,17171,519,14612,771,855,414
               Sağlık Bakanlığı,15-19,Kadın-Female,9081,358,5463,2609,388,263
               Sağlık Bakanlığı,65-69,Toplam-Total,33458,913,23621,6818,1226,880
               Sağlık Bakanlığı,15-19,Erkek-Male,20647,490,17243,1655,783,476
               Sağlık Bakanlığı,15-19,Kadın-Female,12811,423,6378,5163,443,404
               Sağlık Bakanlığı,70-74,Toplam-Total,41589,962,25751,12618,1238,1020
               Sağlık Bakanlığı,15-19,Erkek-Male,23646,469,18681,3256,749,491
               Sağlık Bakanlığı,15-19,Kadın-Female,17943,493,7070,9362,489,529
               Sağlık Bakanlığı,75+,Toplam-Total,159745,3494,59563,88040,3993,4655
               Sağlık Bakanlığı,15-19,Erkek-Male,72752,902,44772,23586,1714,1778
               Sağlık Bakanlığı,15-19,Kadın-Female,86993,2592,14791,64454,2279,2877
               Sağlık Bakanlığı,Bilinmeyen,Toplam-Total,963,1,2,3,-,957
               Sağlık Bakanlığı,Unknown ,Erkek-Male,729,-,2,3,-,724
               Sağlık Bakanlığı,15-19,Kadın-Female,234,1,-,-,-,233
Kaynak: Nüfus ve Vatandaşlık İşleri Genel Müdürlüğü,15-19,Erkek-Male,-,-,-,-,-,-
               Sağlık Bakanlığı,15-19,Erkek-Male,-,-,-,-,-,-
Source: General Directorate of Civil Registration and Citizenship Affairs,15-19,Erkek-Male,-,-,-,-,-,-
              Ministry of Health,15-19,Erkek-Male,-,-,-,-,-,-
(r) Ölüm verileri güncel idari kayıtlarla revize edilmiştir.,15-19,Erkek-Male,-,-,-,-,-,-
(r) Death data were revised with updated administrative records.,15-19,Erkek-Male,-,-,-,-,-,-
- Bilgi yoktur.,15-19,Erkek-Male,-,-,-,-,-,-
- Denotes magnitude null.,15-19,Erkek-Male,-,-,-,-,-,-
